Country Name,Average,1995,1996,1997,1998,1999,2000,2001,2002,2003,2004,2005,2006,2007,2008,2009,2010,2011,2012,2013,2014,2015,2016
El Salvador,72.59998542,139.1320788,117.2772815,112.5686599,94.99673108,65.04718078,60.51851294,60.78603283,47.72483828,56.19995529,64.94161171,64.38920404,64.83966424,57.48359285,52.02689687,71.39975455,64.67545639,70.58470164,41.69582749,40.20300196,62.42448683,105.4419516,82.8422575
Honduras,58.80222193,,,,,42.08425258,48.67967867,52.11367415,52.78911731,57.90593761,50.51253076,43.56181587,41.34507544,46.54920905,56.58825774,65.71233603,76.09724144,85.06154509,84.32046196,74.27996884,66.87314739,57.45004173,56.51570309
Colombia,47.42003592,69.67263381,71.78689966,67.18454989,60.08465495,62.29244855,65.68415896,67.92081243,68.28313463,55.80498134,47.30344278,41.84067166,39.87387273,38.75643015,35.94531181,34.82679444,33.66646488,34.75148797,35.06715606,32.56871383,27.91895055,26.50289308,25.50432615
Jamaica,43.7807802,31.68778915,37.22825387,41.37325733,33.90499497,33.38541823,33.38522408,42.54745311,38.76909424,35.94455469,53.9069334,60.99087214,48.54581729,57.07147662,58.02613649,60.01964279,51.3628732,40.04250938,38.68367106,42.11364935,35.11423657,42.06224795,47.01105843
South Africa,41.68209287,64.91652658,60.39016743,57.11239533,57.74168141,51.21287095,47.58102283,46.14637756,45.83192428,41.60446931,38.95132577,37.95120362,38.70386262,36.88322257,35.87231954,32.89529315,30.80954508,29.76072257,30.59159749,31.66045088,32.64602136,33.7720859,33.97095703
"Venezuela, RB",39.19274307,20.33591335,22.04962584,18.39978807,19.42424157,24.98512426,32.75844749,31.90575649,37.84924061,43.8447916,36.91615808,37.2010906,44.99770331,47.50836569,51.84121599,48.9202854,45.0598909,47.84937297,53.76495162,,61.90957766,,56.33331991
Virgin Islands (U.S.),37.24747532,,,,,24.9,21.15487206,25.76133959,37.76817709,28.61045481,34.23200044,34.32504894,40.01042132,40.13402899,43.07196764,46.96202651,52.75603162,42.51580171,49.26248378,,,,
Lesotho,36.68586858,,,,,,,,,,,,,45.14986982,37.60131605,35.80610031,37.44086769,34.49334986,30.67091306,31.07642013,,41.24811176,
Guatemala,34.69789652,32.54897947,35.31962208,38.14334092,30.86778386,24.19285615,24.92544896,27.08607653,29.74072574,33.89470387,35.21939841,40.76045042,43.92771879,42.19619941,44.92243027,45.38911421,40.73704803,38.00274789,33.75667013,33.6812511,31.38745553,29.3986825,27.25501908
Belize,31.82067395,,,,,,16.57804824,25.09961409,33.18001876,24.89503214,28.61396144,28.59392044,31.64263088,32.50593987,33.64199043,30.8987064,40.11094251,37.66798707,43.06491516,28.76393525,34.97358499,33.12106166,37.59916781
Trinidad and Tobago,26.38066762,,,,,,9.463841815,11.86752385,13.38198847,17.83416871,20.14668335,29.76250141,28.46960888,29.8641981,41.58519415,38.36206831,35.61478804,26.37122899,28.32464214,30.26149492,29.90048675,30.88026398,
St. Kitts and Nevis,25.66736596,9.276222722,9.150386604,15.80064105,17.82213509,13.19290222,6.611715961,13.04631442,10.72018181,21.13896757,22.93052052,16.45718047,34.54582402,32.13948537,45.69657474,53.05978069,40.82029352,65.37707188,34.22638855,,,,
Brazil,25.05347589,,,,,,23.72957362,24.73954663,25.30378561,25.66147675,24.02267725,23.3496643,23.85354439,23.36061646,23.77719498,22.84192642,21.98822174,24.20091677,26.45280214,26.75923426,27.95657613,28.38337623,29.5279565
"Bahamas, The",23.99555597,,,,,,24.8413844,14.18509905,16.81993291,15.83551336,13.64231101,15.79351798,18.163952,22.7851651,20.93634205,24.51698717,26.05090458,34.64568648,29.83558175,31.5449051,32.18471409,37.74189712,28.40055737
Curacao,22.35113425,,,,,,,7.67595201,30.27268705,33.58823943,31.9920098,20.0936674,13.64690898,19.18847511,,,,,,,,,
St. Lucia,22.27446268,,,,,,14.65444189,21.45597738,26.28894049,22.36399893,22.80417378,25.04367372,25.99648141,17.33537373,23.04692117,22.80408369,25.49542241,26.46233145,22.30674636,18.7862917,19.27208212,,
Puerto Rico,21.35057998,23.34114433,23.25648067,19.25195006,17.22570964,15.59141962,18.30403503,19.65837585,20.57413697,20.78015076,21.10498499,20.47591769,19.91950708,19.49131408,21.81601311,24.17927983,27.36303483,31.40018948,27.15292397,24.45290687,19.01804405,16.84936936,18.50587138
St. Vincent and the Grenadines,20.7655674,18.50361283,22.21214449,8.334954019,22.24137452,12.97870565,18.53602476,11.11234582,18.49351802,16.6128288,26.71358432,23.90936511,18.36429247,36.68143094,14.65671232,21.05205349,22.86968851,19.20597031,25.61100541,,,,36.45616875
Russian Federation,20.2067235,,,,,,28.06760822,29.43527074,30.4776583,28.88549165,27.25266903,24.81301376,20.12518122,17.72754092,16.59034894,14.93506677,,,,10.97723125,11.31040911,11.4804567,10.8161824
Central African Republic,19.75737596,,,,,,,,,,,,,,,,,,,,,,19.75737596
Dominican Republic,18.84055057,12.7205747,12.81228708,12.6730333,13.46598308,12.60320798,14.13118552,12.59036606,14.48096387,21.20930979,24.59629234,25.91591768,22.87826989,22.21087537,24.84299311,24.31468921,24.99498635,25.06209426,22.33393567,19.2388197,17.39407202,,15.1817049
Namibia,18.4948145,22.5875525,20.75280354,18.66574727,22.57876076,20.4750426,20.00782411,18.25614037,17.63374508,,17.51916657,,,,16.80612427,18.15595403,14.44893865,13.90129449,17.1383088,,,,
Guyana,17.0768499,14.97295938,12.07149618,11.92200542,15.46974638,12.44025941,10.0889286,10.6345786,19.01889121,27.79783922,17.42827798,18.90948217,20.41085858,15.37702459,21.17071367,15.69010303,18.75277943,17.35415832,18.45726479,20.44636391,19.518125,19.3880658,18.37077608
Eswatini,14.96858655,,,,,,,18.82700314,12.95181002,13.24269445,13.33268801,13.7447971,10.79861564,14.93279364,18.72470116,15.83839753,17.29236484,,,,,,
Paraguay,14.95112156,,,,16.70553566,12.11399769,18.76402587,24.30352101,24.90646009,22.91389902,21.19661836,15.30499385,12.61304999,13.12402167,13.7751593,13.39787596,11.9326035,10.43887277,10.17365919,9.341544819,8.820947583,9.29340173,
Botswana,14.61433541,,,,,,,12.13720166,14.32622097,17.29165085,14.15818906,15.68012967,13.85175333,14.62588552,14.43727262,14.59682951,15.0382209,,,,,,
Greenland,14.54955289,,,,,,23.14196707,30.18090791,21.23217382,8.817098117,19.34542129,17.55895419,14.04223201,14.05308553,14.07434774,17.62797913,19.42158975,1.768284057,14.16681424,12.40826745,7.094462772,7.09509197,5.313722156
Mexico,14.298695,16.91940488,15.45413535,14.19929696,14.07806997,12.43380489,10.55548026,9.978939151,9.666945738,9.548425545,8.719051514,9.146119871,9.493845251,7.928549454,12.32252075,17.14467851,21.95468164,22.85078186,21.49082499,18.82141235,16.10830967,16.49205139,19.2639601
"Congo, Dem. Rep.",14.13274023,,,,,,14.05687,,,,,14.64962477,,,,,14.27807775,,,,,13.5463884,
South Sudan,13.90242311,,,,,,,,,,,,,,,,,,13.90242311,,,,
Ecuador,13.8715938,,,,,,14.51467764,12.89995802,14.58071643,14.57530591,17.6910618,15.44203873,17.07537795,16.00089768,18.04456697,17.86774803,17.56313656,15.44406123,12.47108725,11.01423761,8.243669541,6.53478662,5.853766682
Cote d'Ivoire,13.75797248,,,,,,16.06773427,,,,,14.70498526,,,,,12.62864609,,,,,11.63052429,
Small states,13.46666667,,,,,,,,,,,,,,,,,,14.4,,13,13,
Mali,12.1628995,,,,,,12.88392351,,,,,12.68457332,,,,,12.17992521,,,,,10.90317598,
Suriname,11.95952111,,,,,,14.39488558,16.53619123,11.80016727,12.28672297,9.318720499,13.82915185,12.29409863,8.828636172,8.34711578,,,,,,,,
Nicaragua,11.91451781,15.24679537,13.98641585,14.07312512,13.00925958,11.23183836,9.469252383,10.52786355,10.71207452,12.11628813,12.16640554,13.5518786,13.24719355,12.92984959,13.15576389,14.15315514,13.68138546,12.70700538,11.45121036,9.990334268,8.729635216,8.615537398,7.367124637
Kazakhstan,11.87414031,15.36495408,16.70639713,16.66808097,16.58020742,15.74022972,15.44095072,14.36172982,13.02162205,13.07088708,13.59035107,,,,11.29291997,10.94279636,8.457845173,8.529870766,7.481748169,6.508881689,5.169324246,4.805729105,
Panama,11.73274746,14.08331795,9.078539248,11.30155122,9.882965987,9.828819893,9.866856832,9.90392545,11.93929377,10.50114453,9.420282541,10.92940475,6.515512669,8.078042577,14.02054678,15.70102126,12.62618638,14.80669576,16.88339432,17.27254301,14.5492325,11.26157618,9.669590586
Mauritania,11.72461445,,,,,,13.70114061,,,,,12.38683845,,,,,10.86879296,,,,,9.941685762,
Seychelles,11.72449543,,,,,,,,,,11.43066161,,10.03803299,8.861222184,6.616236244,15.37886943,9.846288496,17.42274103,4.334398873,19.40386999,17.15744097,7.467303877,12.73687942
Nigeria,11.28514962,,,,,,12.75393904,,,,,11.82059814,,,,,10.71771146,,,,,9.848349858,
Guinea-Bissau,11.17993792,,,,,,13.01831243,,,,,11.67776955,,,,,10.47381381,,,,,9.549855882,
Dominica,10.47442012,,,,,,2.870428842,1.435338022,12.88955087,11.4134079,11.3670271,11.32711286,7.061448727,9.866102889,9.848889889,18.25099328,20.99664054,8.366100561,,,,,
"Congo, Rep.",10.29105606,,,,,,11.334709,,,,,10.63963123,,,,,9.867432595,,,,,9.32245141,
"Gambia, The",10.28744131,,,,,,12.39063954,,,,,9.814453786,,,,,9.816164105,,,,,9.128507795,
Chad,10.20524914,,,,,,11.37777085,,,,,10.71924482,,,,,9.683680595,,,,,9.040300293,
Togo,9.945145144,,,,,,10.50553985,,,,,10.67104429,,,,,9.604078674,,,,,8.999917767,
Iraq,9.910586628,,,,,,,,,,,,,,15.78762037,8.543334105,8.747606395,8.302063227,8.228438539,9.854457135,,,
Guinea,9.794214038,,,,,,10.8573085,,,,,10.05225044,,,,,9.442717111,,,,,8.824580102,
Mongolia,9.676899568,,,,,,,,,13.89065503,13.33690052,15.75335471,13.1352003,11.3054517,8.06656898,8.207506758,8.810572687,9.632390325,7.071216029,7.145080333,7.284800827,6.180974222,5.655921518
Heavily indebted poor countries (HIPC),9.666666667,,,,,,,,,,,,,,,,,,12.6,,8.3,8.1,
Gabon,9.654489017,,,,,,10.84645347,,,,,11.0110771,,,,,8.717588692,,,,,8.042836801,
Zimbabwe,9.630218751,,,,,,,12.36438298,12.98345469,10.76469121,10.61239548,10.43274082,8.168075215,,,,5.047451367,,6.668558244,,,,
Antigua and Barbuda,9.623695546,,,,,,5.982006126,8.229775327,5.796026244,5.727836138,4.532218408,3.361231555,12.18148193,18.6034296,17.30141223,17.09748774,6.338407581,,10.33303368,,,,
Madagascar,9.569133324,,,,,,11.3693949,,,,,10.04313025,,,,,9.177243523,,,,,7.686764627,
Uganda,9.470068597,,,,,,,,,8.022589448,7.432412923,8.730399517,9.123315072,8.646478887,8.820771771,9.865160376,9.317374636,10.69424302,11.19900528,10.27061869,11.51845355,,
Grenada,9.395153184,,,,,,14.7610191,5.891074041,13.71204701,8.791208791,5.844763092,10.68490223,11.62126304,10.61919564,15.39497739,6.711666795,9.553196977,3.806804663,13.27253249,5.665240914,7.521624671,5.616767925,10.24931935
Barbados,9.244576886,,,,7.520465066,8.622046949,7.411607318,9.235827623,9.208849336,12.12085595,8.055922751,10.58359397,12.72546802,9.053050878,8.293697871,6.822997091,11.08849694,9.62220377,7.812916171,8.495304574,8.821920709,10.90715897,
Eritrea,9.101835694,,,,,,9.876460365,,,,,9.619670245,,,,,8.867043671,,,,,8.044168497,
Comoros,9.033299391,,,,,,10.36277285,,,,,9.537281418,,,,,8.529913431,,,,,7.703229868,
Ethiopia,9.028414581,,,,,,10.69071411,,,,,9.402390714,,,,,8.458941101,,,,,7.561612396,
Senegal,8.786119277,,,,,,9.953217923,,,,,9.305974387,,,,,8.509699585,,,,,7.375585214,
Lithuania,8.733847954,13.83261543,11.23737668,10.93055658,8.761017472,8.769111839,10.56588903,10.16231784,8.505687199,10.07511821,10.14457348,11.12356365,8.717575085,8.496695338,9.27012683,7.952607509,7.010685373,6.850914045,6.650761907,6.605870417,5.368273705,5.866450927,5.246866438
Bolivia,8.588659525,,,,,,,,,,,5.238121382,5.192100166,8.155532141,8.625130275,8.392470018,12.83493587,12.26392077,11.92498802,8.961310982,8.918631125,6.256582349,6.300191217
Papua New Guinea,8.539431725,,,,,,8.344965437,,,,,,9.427733486,7.845596252,,,,,,,,,
Estonia,8.430693247,17.07491445,15.07332043,12.68539925,14.09652089,11.37712488,10.2207686,9.843870466,10.26952439,10.70719181,6.673682589,8.33549712,6.744252748,7.14247451,6.419290116,5.240187748,5.254852857,4.892924004,4.754953832,3.934743788,3.109926811,3.193136884,
Cabo Verde,8.340101274,,,,,,,,,3.259827838,4.490403367,9.271609699,7.279609813,5.961705294,6.914462004,7.646444504,7.762986082,10.43169503,10.89538678,10.38249895,12.34715645,8.63180294,11.48582908
Kyrgyz Republic,8.31995479,11.65035436,11.14017191,9.263043642,8.810353513,8.838782044,8.738562137,7.778196466,8.235339143,8.399389578,8.336759013,8.255539487,8.231367753,8.208535335,8.152338125,7.845294537,19.77007331,8.971051289,5.380661224,3.62433073,3.740540848,5.182936341,4.485384601
Philippines,8.309379388,,,,7.986133274,7.536713528,7.353358925,7.345731326,8.055112556,7.751232736,7.491866914,7.45761449,7.060745955,6.676858526,6.413091416,9.854601364,9.492500231,9.103891205,8.758433063,9.294175553,9.746034777,9.480284287,11.01982824
Costa Rica,8.293776496,5.304247607,5.313324497,5.756163961,5.988379336,6.394355846,6.343233108,6.430147333,6.349668882,7.27101572,6.687304964,7.886359212,8.146130913,8.444962077,11.55884581,11.6971755,11.59444523,10.30328614,8.744936209,8.732787538,10.02611625,11.58521519,11.9049816
Albania,7.833125933,6.685551759,7.967623178,49.87221458,18.60971466,16.14202377,4.196068508,7.045844105,6.92523218,5.335896278,4.228879892,5.001333148,3.110337419,3.47232901,3.108651377,2.86906757,4.318956649,4.851948929,5.376640517,4.248062164,4.005786136,2.257682277,2.698926422
Tanzania,7.793001603,,,,,,,,,7.477979531,7.649676402,,,,,,8.434097259,8.721718163,8.336899232,7.30104384,7.470105841,6.952492557,
Djibouti,7.736511644,,,,,,8.939955749,,,,,8.106186611,,,,,7.415197036,,,,,6.48470718,
Argentina,7.494923256,7.812329652,8.504521183,9.141835337,7.21468335,7.301381688,,,,,,,,,,,,,,,7.507878678,6.534191707,5.942564451
Belarus,7.44633325,9.343764998,9.468630233,10.00550548,10.19945145,9.636391446,10.19770357,9.814684774,10.08449769,9.024590623,8.422116913,8.574508268,7.665761919,6.805172015,5.690345692,5.133752165,4.233051774,3.939377937,3.58962935,3.513065121,3.584663586,,
Ukraine,7.341583446,8.62060163,9.642859105,8.40437323,8.413536869,8.609145716,9.04585034,10.02832786,8.95380686,8.492964532,7.385213722,6.461634111,6.345407835,5.704263678,5.339230592,4.87019792,4.341322174,,5.151123171,,6.338642687,,
Moldova,7.335715796,9.10400461,9.28573435,9.324402524,8.457130403,9.119053807,10.30685139,9.819603608,9.601074171,7.646861694,6.648526031,7.119322491,6.321280276,5.25595661,5.740081334,6.005800725,6.53693823,7.455790108,5.6214211,4.150331388,3.194151067,,
Cayman Islands,7.262953705,,,,2.8,,9.595317485,4.617231508,0,6.517771791,10.57104801,6.170046481,1.998760768,3.884777499,7.557722103,14.73866505,16.21417119,,,8.565897449,8.44994254,,
Haiti,7.017535621,,,,,,,,,,,,,5.085336871,5.131360246,6.069297575,6.770259301,9.009316264,10.03964347,,,,
Benin,6.812826529,,,,,,7.314070029,,,,,7.186413893,,,,,6.568058715,,,,,6.182763481,
Latvia,6.799570505,11.55654179,10.88273166,11.15213896,10.33135123,9.531928213,9.982538946,9.28486605,9.174736719,8.760611942,7.942585202,5.595068879,5.752232473,4.275607477,4.558260789,5.034239823,3.303682001,3.29750207,3.387576499,2.450038809,3.174406349,3.362334725,
Samoa,6.798277924,,,,,,,,,,,,,,,8.656790711,8.592680111,,,3.145362949,,,
Pakistan,6.77387883,,6.931456887,6.930046573,7.434970027,6.606207971,6.429244008,6.774648763,6.543884471,6.327545565,6.376164525,6.355676151,6.396170731,6.583798539,7.369017847,7.477420775,7.733340716,7.957090728,7.782519641,7.669804066,7.155089095,5.008963092,4.408395266
Uruguay,6.72307291,,,,,,6.44336687,6.552246805,6.941579248,5.923677178,6.016673405,5.713234136,6.064166689,5.808833679,6.595392656,6.720679919,6.075127096,5.877793872,7.860392366,7.629096788,7.8372977,8.538410608,7.694270457
British Virgin Islands,6.710045214,,10.8,0,0,5,,4.742708086,4.64489758,9.090909091,17.74544164,,8.366450533,,,,,,,,,,
Peru,6.679095654,,,,,,,,,,,,,,,,,5.43346975,6.525422655,6.585810062,6.702535347,7.161371581,7.665964527
Zambia,6.630998731,,,,9.006349683,10.77916143,7.567973362,,,,,,,,5.304789591,6.034295756,5.877242314,6.049875652,6.020433965,5.721559986,5.281360817,5.297943485,
Thailand,6.459830644,7.614397394,7.42472636,7.856072936,8.694399449,8.095033125,8.167346937,7.900122062,7.082528342,9.966702477,6.573620527,7.345763049,7.120485419,6.699839559,5.971830512,5.536627738,5.436787393,4.897073351,4.898002813,4.246947213,3.87185762,3.476672648,3.239437244
American Samoa,6.128579432,,,,,,,1.71895144,11.91874819,5.074682409,6.749460043,10.14919314,6.820119352,1.727026234,5.260389269,3.557009977,8.986825314,9.038322487,3.621220351,5.424268176,5.411548244,7.202405603,5.397100678
Turkmenistan,6.012019867,6.423098321,7.826247923,8.256474702,7.849306064,7.214412103,5.912140281,5.433734729,5.227763459,5.004573923,4.443595885,4.332608918,4.220282094,,,,,,,,,,
Bermuda,5.710660246,,6.482877101,3.226326827,0,3.197186476,0,4.663961569,1.547748027,3.083089255,1.536924614,3.070781514,4.610915574,4.623066017,7.736943907,9.330824378,10.9450247,12.58237524,9.496826477,7.965461758,6.412106056,6.451300744,12.96012494
Georgia,5.666758192,7.71314365,5.408289827,5.787308493,4.996202475,5.077895753,5.061351415,5.629085635,6.313677328,6.595208385,6.573535695,8.982408966,7.276584088,7.516168303,6.059190225,4.897735287,4.419068541,,,,2.705176355,,0.9896170395
United States,5.63858193,8.112683408,7.292303034,6.678321943,6.150310368,5.557464494,5.527287911,6.681706246,5.644735132,5.698767508,5.519941654,5.672086302,5.811756258,5.698028919,5.433885685,5.031097436,4.76993703,4.713369325,4.741244976,4.537982773,4.458030477,4.964536493,5.353325095
Kiribati,5.461349828,,,,,,3.554249698,4.658855319,,,,,,,7.110930516,0.9943520802,3.896660562,10.51062529,7.503775337,,,,
Cuba,5.295110629,,,,,,5.264226505,5.408284347,5.892316971,5.709262478,5.857845532,6.061544349,5.099044965,5.024909129,4.553591528,4.991782554,4.45599336,4.702918654,5.455913147,5.905977366,5.244862068,5.400721306,4.987686431
"Korea, Dem. Peopleâ€™s Rep.",5.217209959,,,,,,6.632036478,,,,,5.046326683,,,,,4.7946353,,,,,4.395841376,
Sri Lanka,5.181534271,,,,,,,,,6.817481501,7.107999995,6.243419185,10.3913793,,10.03718471,5.474447283,3.777535723,3.603245816,3.309741632,3.015506279,2.681398812,2.351062371,2.54954291
Somalia,4.996471895,,,,,,5.432824956,,,,,4.964398743,,,,,5.280206935,,,,,4.308456945,
Sudan,4.922545699,,,,,,,,,,,,,4.68055071,5.164540688,,,,,,,,
Cameroon,4.913480355,,,,,,3.005060679,4.817531373,6.409743905,6.067644425,,,,,4.104298258,6.571451464,5.002379761,4.06911214,4.174101192,,,,
Burundi,4.824715157,,,,,,,,,,,,,,4.152326326,4.429245222,3.958056013,3.859121925,5.364973803,5.416561721,5.701698075,4.519931328,6.020521997
Solomon Islands,4.743051928,,,,,,,,,,4.363725225,5.533268779,4.777513284,5.274475595,3.766276758,,,,,,,,
Niger,4.656877463,,,,,,,,,,,,,,,,,4.869720046,4.444034881,,,,
Angola,4.602755855,,,,,,,,,,,,,,,,,4.356162308,4.849349402,,,,
"Yemen, Rep.",4.596812126,,,,,,3.899360689,,,3.617289534,3.227245868,4.591183751,4.2295719,3.907757611,3.909396646,4.309044872,4.655442405,5.669587336,6.48736255,6.658502344,,,
Mozambique,4.594274661,,,,,4.871395631,,5.917555116,5.433743905,5.29503112,5.563020779,5.204781134,4.148980323,3.826325906,4.355103687,3.498545298,3.612507202,3.404305825,,,,,
Turkey,4.580502132,,,,,,,,,4.292903878,4.34874389,4.867207987,4.607101699,5.171179029,4.623791199,5.175276393,4.236320659,4.169762601,4.312733989,,,,
Afghanistan,4.470958322,,,,,,,,,,,,,,,3.981527,3.412819153,4.143581459,6.345905676,,,,
"Micronesia, Fed. Sts.",4.426957671,,,,,,3.962336839,,,,,4.579968782,,,,,4.490879634,,,,,4.674645428,
Kenya,4.286523328,,,,,,,,,,3.420391618,3.005967995,2.984882078,2.892565857,3.104033634,4.74058784,4.656669702,5.345796612,5.44019104,5.465474497,5.008229357,4.786577193,4.87343584
New Caledonia,4.031630422,,,,,,,,,,,,3.3835938,4.997313944,4.512154102,3.233459842,,,,,,,
India,4.018427524,4.36626278,4.395079846,4.352470695,4.473273534,4.233402404,4.87573767,4.610734582,4.469690045,4.000892223,4.128276621,3.941461758,3.881227606,3.845276037,3.842385573,3.773789604,3.774226545,3.819645912,3.758948904,3.588249344,3.660057954,3.390616482,3.223699409
Aruba,4.00355956,,,,,,,4.305797757,5.263601145,4.122988755,2.025583115,5.998140576,4.958743256,2.963841138,4.933253086,3.942712389,3.934335933,1.959766004,3.899509637,5.814685959,1.92687509,,
Lebanon,3.997819177,,,,,,,,,,,,,,4.451420769,3.466282395,3.758236128,3.661432562,3.94597352,4.472999195,4.283206315,3.947719884,3.993101823
Malawi,3.990093537,,,,,,6.15321217,7.695028575,4.719607455,2.431771188,3.242338024,1.533776324,6.113515396,4.985200097,5.465539981,2.174710536,3.428474602,2.194832251,1.733209379,,,,
Uzbekistan,3.981647309,5.04813464,4.938440392,4.437572989,4.414063713,4.143944616,4.297973514,4.291636426,4.147088203,3.728127881,3.677324205,3.432384145,3.201902488,2.986182038,2.99828708,,,,,,,,
Tajikistan,3.961847744,7.531940623,8.258914936,8.376532186,8.145759659,5.848367077,4.55261691,3.682557244,2.791698358,2.493584721,2.115348777,2.290574389,2.771208062,1.845538237,1.36803996,1.298037595,2.368604604,1.612088308,,,,,
Timor-Leste,3.865445381,,,,,,,,,,2.30761976,4.481316806,4.672803615,5.821743838,3.246421979,2.930346578,3.51480861,,,,,3.948501866,
Sao Tome and Principe,3.844410585,,,,,,,,,,,,2.510544286,2.452468103,8.387603123,2.927177674,3.432965625,3.355704698,,,,,
Tonga,3.799346086,,,,,,1.019555066,6.084513898,6.0493628,6.012686769,1.991912834,3.958789006,7.867124271,0.9769727522,3.883306636,7.721709587,0.9602734859,1.912466412,0.9528256043,,,,
Cambodia,3.7501021,3.554407004,4.729965237,6.759759264,6.615981408,4.75278406,4.698678133,3.281603596,3.363744486,3.960126737,3.911699096,3.375985036,2.968572686,2.873501657,2.39904747,2.34914914,2.313271469,1.843459221,,,,,
Liberia,3.655738486,,,,,,,,,,,,,2.846624984,4.832114066,3.804248585,3.267373753,3.955611649,3.228457876,,,,
Kosovo,3.643101308,,,,,,,,,,,,,,6.466813515,4.144256458,5.969544062,3.46175321,4.985597164,2.247683789,2.250521462,1.665001665,1.596740447
Tuvalu,3.413900095,,,,,,,,0,0,0,0,0,0,0,0,9.49577438,9.409108017,18.64801865,,,,
Chile,3.393134412,,,,,,,,,3.246929563,,3.567211971,3.615242155,3.735215203,3.529000401,3.743439622,3.183597541,3.707729047,2.50725805,3.183877759,3.622160309,3.006302934,3.462782804
Libya,3.24327649,,,,,,3.697984951,,,,,3.660897738,,,,,3.110346388,,,,,2.503876882,
Guam,3.214826334,,,,,,1.287589568,5.115056809,1.272466995,5.072472957,5.692635627,4.419136122,6.933588826,0.6295048944,0.6287924042,3.140092067,1.881538346,2.505041396,,,,,
Montenegro,3.142624262,,,,,,,,4.401824638,3.256814477,2.275886173,3.569180451,4.046407438,1.937096035,3.863458923,3.371587472,2.402748745,3.35749665,2.713981475,1.59465726,3.186367446,2.706239314,4.455617436
Palau,3.112429425,,,,,,,,,,,,,,,,,,3.112429425,,,,
Bulgaria,2.989577714,5.911478128,5.294323917,4.854837907,4.686183164,4.053530904,4.151148311,3.883717464,3.24176471,3.165091831,3.151125933,2.589876861,2.439357379,2.339119769,2.290178689,2.01179448,1.998760228,1.740025744,1.928763513,1.500108517,1.60617102,1.797309219,1.136042013
Nepal,2.834949314,,,2.533956337,2.7950923,2.64423993,2.674707807,3.509675634,3.492583471,3.033992378,3.698223537,3.424298644,2.351524547,3.208105697,3.369106929,3.014086592,3.008533021,2.484708704,2.321886949,2.165421787,1.970113519,,2.163779187
Rwanda,2.816751186,,,,,,,,,,,,3.464913138,2.836758719,1.48328691,,2.839899356,,2.372819428,3.244420252,3.772468332,2.519443353,
Equatorial Guinea,2.769373838,,,,,,3.292607867,,,,,2.887224677,,,,,2.592428999,,,,,2.305233807,
Armenia,2.750141018,3.598938065,3.59373744,3.189959539,2.991218362,2.912033298,2.964567232,2.884626416,2.274302654,2.518385874,2.766102382,1.945486789,2.670272097,2.625248205,3.335373527,3.358046711,1.946261631,2.469066251,2.255439252,2.177287162,2.477444928,2.5711788,2.978125769
"Iran, Islamic Rep.",2.724022514,,,,,,,,,2.620155377,2.894403817,,,,,3.005934583,,,,2.630580356,2.469038437,,
Bangladesh,2.663913786,,,,,,2.540635674,2.742582872,2.564409147,2.496780998,2.761354,2.504338302,2.86583009,2.625405219,2.754596672,2.804166155,2.621113071,2.576798537,2.641801743,2.787944393,2.831775728,2.503087979,
Mauritius,2.661974064,2.19857919,2.95537043,2.064715052,2.641780526,1.941796753,2.193824384,,,3.225822461,2.879054222,3.027815807,4.071336327,3.646940501,3.873176077,3.054603448,2.644326118,2.717775772,2.313760251,2.788200336,1.511272101,1.667386554,1.821944963
Tunisia,2.558101117,,,,,,,,,,1.946573835,2.573624977,2.442101596,2.650977798,2.690409919,2.423531867,2.687987356,,3.049601586,,,,
Fiji,2.550331848,,,,,,,,,3.061369436,2.810519653,2.798676591,2.658896244,2.515536432,2.015794342,3.403887709,2.325716611,2.30657628,2.289387772,2.159790387,2.257830721,,
Vanuatu,2.456973427,,,,,,2.913910328,,,,,2.474884683,,,,,2.3101749,,,,,2.128923797,
Bhutan,2.449538597,,,,,,3.139082272,3.222523745,3.13325055,0.802009515,2.34271774,1.675197483,1.338831468,2.037970298,2.567943505,2.239459842,2.198886539,4.321346099,4.382662188,3.137414849,,1.524030145,1.129291307
Azerbaijan,2.343128194,,,,,,2.78231203,2.659419058,2.561309844,2.188639431,2.379012987,2.248610605,2.201572502,2.166361924,2.176399935,,2.280664054,,2.180267778,2.354748008,2.483224817,,2.141251748
Israel,2.328686373,2.10049401,2.132400569,2.770484044,2.549819041,2.325042267,2.444401912,3.638125599,3.638237394,3.071098771,2.674364301,2.514020206,2.694216361,1.805657776,1.916191963,1.761170188,1.952609757,1.995039091,1.740462041,,1.485897386,1.363994779,
Syrian Arab Republic,2.294691691,,,1.99239873,2.210479198,2.11907493,2.175390327,2.242513657,2.153570529,2.325545875,2.392366263,2.350418929,2.357919864,2.714843716,2.6026493,2.28572603,2.20278632,,,,,,
Finland,2.292551736,2.858372349,2.985262753,2.704671123,2.193738565,2.770246775,2.85276238,2.999723679,2.531950045,1.970498764,2.823250229,2.262819012,2.254825611,2.434874653,2.500046053,2.246078067,2.21775689,2.041103369,1.625721876,1.637047752,1.611805154,1.495813728,1.417769376
Romania,2.237862711,3.342011099,3.199307319,3.084736235,2.507536578,2.540088293,2.625617495,2.715594678,2.57610774,2.535791127,2.389866521,2.113758665,2.061766184,1.977551839,2.257327236,1.925506191,1.97648308,1.650818237,1.873953802,1.674290585,1.492033941,1.464031537,1.248801252
Malaysia,2.224786617,1.9111222,2.103816323,2.479168215,2.81779131,2.5713126,2.376474233,2.181535208,2.334825459,2.288496079,1.974250608,2.353913828,2.249119344,2.448748575,2.202052601,2.032212341,1.92086813,1.850873515,2.06373188,2.110633269,,,
Sierra Leone,2.198686102,,,,,,,,,,2.058938966,1.749617691,1.72688184,2.227609491,2.984410349,2.503858795,2.52371987,2.828322916,1.670089858,,,1.713411243,
Belgium,2.098204439,,,,,,2.061849053,2.732817916,3.077699367,2.207498739,2.557223359,2.095405222,2.081064134,1.972361697,1.88326136,1.74028502,1.727804274,1.943143441,1.849587903,1.838315737,1.853971077,1.94898272,
North Macedonia,2.081378746,,,,2.409149952,1.898881559,2.30978775,2.692327649,2.928360587,3.408937064,2.382055442,2.135640343,2.229605772,2.033447303,1.692965679,1.691562438,2.076553346,1.447608864,1.398239953,1.059863499,1.588451476,,
Hungary,1.999530201,2.865051339,2.62749839,2.808185755,2.815397046,2.4713253,2.005664584,2.49166054,1.996484613,2.248087055,2.066221714,1.625941299,1.730327986,1.536330168,1.811594022,1.395730591,1.39003046,1.46491222,1.256372544,1.564770791,1.487771486,2.258807176,2.071499338
Myanmar,1.924141868,,,,,,2.258356799,1.964485112,1.726763261,1.604203046,1.545543388,1.394314259,1.590698235,1.523237424,1.59863372,1.765035786,1.597020617,2.0869174,2.816431027,2.406304003,2.368838473,2.198319358,2.265309853
French Polynesia,1.91149447,,,,,,,,,,,,1.163548357,2.686170825,3.419725738,0.3765329598,,,,,,,
Ghana,1.91006144,,,,,,,2.229475885,2.012595334,2.132364888,2.153761821,1.824342381,1.863121611,1.757692836,1.845601288,1.786324544,1.72159844,1.683796811,,,,,
Slovak Republic,1.832238689,2.384103691,2.453163624,2.597453197,2.371886621,2.610458496,2.389237983,2.185182757,2.24067684,2.537090598,2.000215208,1.722553016,1.518928911,1.518989405,1.592930058,1.444252145,1.517311975,1.626663379,1.162990325,1.308724399,1.270053734,0.8089249424,1.047459855
Isle of Man,1.828085372,,,,,,,,,,,,,,,,,1.238252083,2.456821365,2.438637777,3.632401017,1.20239999,0
Bosnia and Herzegovina,1.771507096,,,,,,2.628291138,2.174325773,2.383596407,,1.798329511,1.851102596,1.93148877,1.748807631,1.753640598,1.89507124,1.504533482,1.382539074,1.726879009,1.276005902,1.402130453,1.61200873,1.275363219
Kuwait,1.75620485,,,,,,,1.848906419,1.07284476,1.336948935,1.947517572,1.800913019,1.892937157,2.356785345,1.432697166,1.738242651,2.001278817,1.848920622,1.796465733,,,,
Croatia,1.750758345,3.555364413,2.619877656,2.551136229,2.858550623,2.665173582,2.280902388,1.837534709,1.660668922,1.572131441,1.893282724,1.553200427,1.693093027,1.421279674,1.631273395,1.128750331,1.432481708,1.136002444,1.187005502,1.075317581,0.8455600931,0.8734622343,1.044634477
Canada,1.750196439,1.836046382,1.943734991,1.752079598,1.680283159,1.586370484,1.776431652,1.785672153,1.858184804,1.735814365,1.956217229,2.05649285,1.862432239,1.807998878,1.838073067,1.80527686,1.627221758,1.75455755,1.570168855,1.443746571,1.463288808,1.680124866,1.684104545
Poland,1.749249227,2.221829893,2.27350014,2.102158331,4.871447479,4.747490006,2.217870354,2.014328469,1.860490642,1.72221701,1.648606396,1.446719058,1.278004069,1.36969915,1.200239349,1.286370965,1.137686054,1.171682944,0.983887113,0.7726552907,0.7364258693,0.7500282371,0.6701461703
Oman,1.736945826,,,,,,,,1.199510771,1.467348355,1.71796637,2.11048677,4.684491738,1.389534626,1.703507122,1.283411182,1.578189422,1.050268313,1.125656777,2.613511965,0.6564123279,,
Jordan,1.70786218,,,,,,,,,,,1.17253585,1.685138026,1.808437686,1.849049173,1.495356478,1.615061282,1.861400145,2.014370091,1.711542356,1.997887234,1.73594014,1.547627698
Serbia,1.699006803,,,,,,2.403132926,2.581421541,2.138418778,1.891889481,1.771375288,1.5952276,1.700589614,1.871877331,1.538537282,1.698887427,1.439690905,1.501043058,1.239256428,1.591889882,1.350634663,1.174971304,1.39427214
Maldives,1.630454383,,,,,,,2.438794957,2.717935999,1.323587319,,,,0.8926711697,1.449048555,1.692519908,1.64604086,0.7997206309,2.589311839,0.7549125937,,,
France,1.575581832,2.309640462,2.016963507,1.652639567,1.642843498,1.622084257,1.763180204,1.747584911,1.858030034,1.630055192,1.625973344,1.593888353,1.427112911,1.602622297,1.63806689,1.306480121,1.262956009,1.351360375,1.231932062,1.215583556,1.233824783,1.57779113,1.352186846
Gibraltar,1.506523246,,,,,,,,,,,,,,,0,3.013046491,,,,,,
Morocco,1.477460953,,,,,1.898439532,1.597941269,1.860746782,1.565445375,1.708889816,1.557359626,1.536643375,1.613250893,1.655677865,1.348235449,1.350426355,1.391561319,1.342105285,1.148984293,1.268301344,1.034440095,1.238387531,
Australia,1.405669317,1.799274285,1.703090514,1.732779211,1.52122688,1.810227564,1.898684018,1.800863615,1.879314046,1.731230567,1.513903676,1.279713629,1.365827653,1.217377622,1.222912431,1.209805033,1.044300776,1.103212711,1.064769117,1.058282009,1.03515841,0.9916151377,0.9411560778
"Egypt, Arab Rep.",1.344801516,,,,,,,,,0.6366418443,0.4271582492,0.6798809385,0.7024138779,0.8549452921,1.194507278,1.10592343,2.186484775,3.146771536,2.513287942,,,,
Vietnam,1.329827259,,,,,,,1.237368748,1.301910223,1.279794467,1.272632049,1.248979303,1.231570265,1.359885406,1.259402254,1.408090298,1.510073547,1.518393289,,,,,
United Kingdom,1.323681668,1.468637853,1.320754717,1.433281614,1.450116009,1.474977375,1.552140522,1.633154235,1.865239308,1.554207032,1.586396983,1.383388464,1.414408524,1.421484707,1.227523177,1.125590969,1.1941837,1.004515115,0.9758704741,0.9328428921,0.9074733134,0.992399049,1.202410668
China,1.273173497,,,,,,2.093040065,2.009318462,2.023337255,1.867272454,1.880582905,1.571551971,1.352157466,1.20578949,1.10166857,1.084782645,0.9862070001,0.8786232837,0.8206814524,0.7694570604,0.7253380801,0.6585405846,0.6156007119
Greece,1.25436377,1.414942865,1.571414611,1.875307047,1.616962822,1.417128346,,1.180215511,0.838028746,1.085064909,0.9848741082,1.168017142,0.9701228617,1.142264973,1.260984687,1.328226884,1.537654404,1.610812756,1.458922926,1.351434906,0.9498677553,0.8290395621,0.7503513386
Malta,1.246935268,,,,1.270877337,2.529474704,1.008399972,1.503175458,1.495129615,0,1.728365189,0.9833155927,0,0.9748393952,1.455858374,0.9660785663,0.9612842758,0.7170737654,2.851785574,1.653884502,1.409873816,0.9354186934,
Czech Republic,1.246616803,1.705535927,1.677979937,1.816242139,1.692819924,1.67635852,1.759058715,1.382505887,1.453312719,1.591909273,1.308653048,1.052818747,1.262345741,1.216617136,1.093651697,0.8963611077,0.9775740712,0.8137223873,0.9918053266,0.8494989042,0.7642572184,0.8298941451,0.6126471022
New Zealand,1.206261894,1.088417604,1.291245196,1.59909129,1.295107401,1.178822995,1.347499701,1.305037727,1.513925847,1.093964325,1.102822785,1.475084969,1.170591772,1.133907106,1.192055302,1.549676858,0.9839677332,0.8826794527,0.917689312,1.018256227,0.9853942672,,
Portugal,1.170988518,,1.042379205,1.116412329,1.219234566,1.058903396,1.120219115,1.009682179,1.139446409,1.420791404,1.367746338,1.277716631,1.46227091,1.740337832,1.164089819,1.219441728,1.164065559,1.072907853,1.152920655,1.36782351,0.8786030365,0.9598335572,0.6359328418
Cyprus,1.164923056,,,,,,0.8480990919,0.7289525369,0.2047154149,1.409070185,1.583515603,1.946172754,1.434707879,1.222135315,0.8321290577,1.730299178,0.7190319673,0.8001173505,1.938220115,1.049046417,0.9546050582,1.292006357,1.11086767
Italy,1.139107677,1.776434678,1.673740342,1.534586198,1.540855846,1.41541754,1.336970241,1.232906958,1.114152868,1.236520444,1.220623323,1.037265321,1.057889956,1.063838558,1.033572016,0.9892382116,0.8856549629,0.9236958765,0.8872693489,0.8413219816,0.7971715615,0.788179499,0.6730631628
Saudi Arabia,1.137799144,,,,,0.9397861159,0.83316028,1.074936095,1.300995129,1.108331662,1.295800187,1.242383915,1.037500517,1.049398182,,,,,,,,1.495699357,
Slovenia,1.107336431,2.237813453,1.927478128,1.822088265,0.7073347072,1.261111655,1.810410767,1.408203489,1.810624746,1.055825517,1.355809644,1.001862964,0.5988648517,1.191931222,0.493939852,0.6386875658,0.7334360796,0.7791818201,0.6794830105,0.580799073,0.8209209284,0.9639539076,0.4816398411
Germany,1.106802673,1.716110818,1.681258396,1.536573753,1.211893552,1.238742848,1.245585886,1.134470325,1.170172946,1.051581415,1.062219911,1.064022126,0.9909204097,0.9306104287,0.8899193876,0.9917790778,0.9802856884,0.9118543287,0.812915583,0.8392282452,0.8786390813,0.8346817462,1.176192851
Algeria,1.104968468,,,,,,,,,2.00595528,1.367605882,0.6128254084,0.9236804581,0.7900857129,0.9408871849,0.7810350039,0.7032575248,0.7604654027,1.392222036,1.25200314,1.47520104,1.359366012,
Ireland,1.102957321,1.190819722,1.154335478,1.035461843,1.025174232,1.013078038,0.9613445937,1.330163792,1.307752356,0.913682444,0.7266123467,1.234281602,1.440731334,1.773503987,1.113687689,1.225902264,1.14546844,0.9007890268,1.132934469,1.110644308,1.109606267,0.6170072298,0.8020795982
Netherlands,1.037260715,1.938768,1.359788239,1.332836339,1.121683188,1.286802879,1.13021396,1.261072309,1.210401633,1.246840386,1.17270133,1.063104541,0.7785782941,0.8662962069,0.9053196219,0.9262084886,0.8631584033,0.8543943533,0.8636558433,0.7422935529,0.7282693313,0.6139859264,0.5533629041
Spain,1.025668805,1.04243724,1.004567162,1.168936524,1.313735256,1.216553843,1.351955572,1.393985708,1.343320269,1.376208971,1.199492486,1.176133161,1.064269062,1.061817658,0.884824811,0.8864776696,0.857045825,0.8207356102,0.7768249389,0.6467148289,0.694297754,0.6508948382,0.6334845178
Luxembourg,1.016135753,0.4907710504,0.967639709,0.953845787,0.9406983745,1.393242773,0.9172145113,2.044534505,1.352185808,0.6706578259,0.442655134,0.8736638404,1.503584976,1.474547209,1.649127508,1.007497799,1.968934157,0.7693180572,0,0.1835802181,0.7190158112,,
Sweden,1.00660598,0.9403022494,1.096364692,1.027791714,1.050532891,1.118329798,1.080881459,0.977770555,1.132198907,0.9495698002,1.190126753,0.9182814683,1.000410718,1.211361523,0.8877446846,0.99855285,0.9690987424,0.8557038259,0.7127204992,0.9048129497,0.8978906382,1.147121978,1.077762868
Monaco,0.9964557883,,,,,,,3.090234858,,,3.00174101,2.959192732,2.90630086,0,0,0,0,0,0,0,,0,
Denmark,0.9867724959,1.146490097,1.312981986,1.667433433,0.9245895341,0.977353957,1.08589952,0.9705001547,1.042286882,1.20661567,0.795889361,0.9775528054,0.5326668997,0.7129854951,0.9822119595,0.8504559982,0.7560968409,0.8239485297,0.8376911094,0.8513933673,1.288861377,0.9844085506,0.9806813823
"Macao SAR, China",0.9104268224,,,,,,2.336563243,1.826146306,0.4455374964,1.738574847,0.8484408838,0.8289141846,2.027081813,1.190894421,0.7776835917,1.142176188,0.3724609801,0.7280153029,0.7110719231,0.1736590482,0,0.1664054102,0.163630342
Switzerland,0.8805388106,1.168307188,1.175477056,1.226996807,1.068474,1.247067989,0.9627123374,1.193999182,1.187203492,1.001111783,1.061622129,1.01210368,0.8019881822,0.6745712306,0.7062411973,0.6591565046,0.6639452572,0.5800448677,0.5602819837,0.7008764891,0.4981998581,0.6851151757,0.5363574421
Norway,0.8408076521,0.9864430607,0.9805846519,0.8612694386,0.8560008362,0.8285441986,1.066816732,0.8180148989,1.011874345,1.115947858,0.78291267,0.7123792517,0.7061738857,0.635640624,0.7125777731,0.6007648358,0.5935473624,2.243514273,0.5387063506,0.9060288539,0.5641681992,0.4615530182,0.5143052285
United Arab Emirates,0.8052630909,,,,,,,,,1.202587327,0.6604808154,1.222824366,0.7439863015,,,,0.8100901933,0.5880674202,0.77524144,0.6328929102,0.6724825753,0.6554295456,0.8938111055
Austria,0.7727665871,1.033315087,1.243646099,0.8279440656,0.9653820274,0.7514376882,1.016200214,0.8644378659,0.7990743523,0.6115570585,0.7180406496,0.6542559958,0.7362939189,0.5414000823,0.695572668,0.6093162301,0.6896593547,0.8865390744,0.9274969745,0.7227975717,0.5212423638,0.5300359261,0.6552196499
"Korea, Rep.",0.7539528735,,,,,,,,,,,,,,,,,0.8583836106,0.8227858592,0.6816925797,0.7383067688,0.7214342381,0.7011141843
Bahrain,0.6753270139,,,,,,,1.290231941,1.08821625,0.3852520383,0.8435279714,0.4498587444,0.7303733042,0.3861410129,0.5383145372,1.097019567,0.8864805272,0.5476155645,0.3076409553,0.3801093346,0.5237964467,,
Brunei Darussalam,0.6511565425,,,,,,1.200332492,,,0.8489228584,0.5562926433,0.5477081154,0.8102633356,0.8002902386,0.2636769219,0.7817141428,0.2572929692,0.2537987325,1.000630397,0.4929556636,,,
Liechtenstein,0.6479513299,0,0,0,0,3.079765938,0,0,0,0,2.890507573,0,0,0,2.813651839,0,2.777546316,0,0,0,2.693457592,0,0
Channel Islands,0.6424044518,,,,,,,,,,,0.6481133421,1.286910193,,0.6345942722,,0,,,,,,
Indonesia,0.6073247626,,,,,,1.041881219,,,0.7413445843,0.6345738109,,,,0.5809638407,0.547755236,0.4362452637,0.5970513453,0.5850132965,0.5499295937,0.5005269526,0.5775440798,0.4950679287
Burkina Faso,0.5876298979,,,,,,,,0.6345022818,0.6400823857,0.5985924329,0.4693810801,0.4989450927,0.6595555816,0.7352077227,0.5085496106,0.5959545452,0.5098898737,0.5069030541,0.7145901682,0.7847161406,0.3699486003,
Singapore,0.5865257296,1.464812616,0.8667602209,1.062469675,0.9837121201,1.040395163,0.9453341373,0.7464953908,0.532531889,0.5647995726,0.4805448005,0.4675974974,0.3686115552,0.3803464026,0.5565737649,0.4027777162,0.3744394248,0.3091179956,0.2086907162,0.3171146595,0.256958906,0.2529238905,0.3205579361
Iceland,0.5619046447,0,0.370207205,0.7330410943,0,0.7183830634,1.782944354,0.3534730494,1.401890449,0,1.030559525,1.017021551,0,0.6553079948,0,0.3163695956,0.624360031,0.9275921563,0.3071951242,0.3057832792,0.6089040032,0.9084219802,0.3004477272
"Hong Kong SAR, China",0.5594147623,,,,,,0.5702576995,0.9818059458,1.02078692,0.7666709276,0.6615120666,0.4979670495,0.5101761186,0.2609301842,0.5187078469,0.6730369374,0.4982049675,0.240595034,0.3799392632,0.8673062071,0.3752833911,0.303628317,0.3832420829
Qatar,0.5285291016,,,,0.911032236,0.5264358538,0.1688427685,0.8105225277,,,0.6588874027,0.6937514959,0.4948623392,0.7565358392,0.8637182206,0.5028979494,0.2247600125,0.2049123641,0.3318214914,0.3999159288,0.3790400936,,
Japan,0.4502988523,0.5438330044,0.4935304804,0.5412035316,0.5713117694,0.5369165198,0.5316232149,0.5457100135,0.5175812783,0.5442429968,0.5451838382,0.5010294597,0.4819633808,0.4466743542,0.5087494481,0.3935701557,0.3617216841,0.3439544202,0.3340435093,0.2883575559,0.3082015803,0.2836492433,0.2835233107
Andorra,0.369804362,,,,,,,,,,1.311578616,,,0,1.19244941,0,0,1.194015594,0,0,0,0,
San Marino,0.2963384422,,,,,,0,0,3.556061306,0,0,0,0,0,0,0,0,0,,,,,
Nauru,0,,,,,,,,,,,,,,,,,,0,,,,